form	lemma	POS	morph
༄༅།		PUNCT
		
།		PUNCT
ལྷ་	ལྷ་	NOUN
དང་	དང་	NO_POS
བཅས་པ་	བཅས་པ་	VERB
འི་	གི་	PART
སྟོན་པ་	སྟོན་པ་	NOUN
མཉམ་མེད་	མཉམ་མེད་	ADJ
ཐུབ་པ་	ཐུབ་པ་	VERB
འི་	གི་	PART
དབང་པོ་	དབང་པོ་	NOUN
འི་	གི་	PART
བླ་མ་	བླ་མ་	NOUN
འི་	གི་	PART
རྣལ་འབྱོར་	རྣལ་འབྱོར་	NOUN
བྱིན་རླབས་	བྱིན་རླབས་	NOUN
རོལ་མཚོ་	རོལ་མཚོ་	OTHER
།		PUNCT
ཐུབ་དབང་	ཐུབ་དབང་	NOUN
སྐུ་གསུམ་	སྐུ་གསུམ་	OTHER
གྱི་	གི་	PART
བླ་མ་	བླ་མ་	NOUN
འི་	གི་	PART
རྣལ་འབྱོར་	རྣལ་འབྱོར་	NOUN
ནི་	ནི་	NO_POS
།		PUNCT
		
སྐྱབས་སེམས་	སྐྱབས་སེམས་	NO_POS
རྒྱ་	རྒྱ་	VERB
བསྡུ་	བསྡུ་	VERB
ཅི་རིགས་	ཅི་རིགས་	OTHER
དང་	དང་	NO_POS
།		PUNCT
		
ཚད་	ཚད་	NOUN
མེད་	མེད་	VERB
བཞི་	བཞི་	NUM
བསྒོམ་	བསྒོམ་	VERB
ལ་	ལ་	ADP
།		PUNCT
ཨ་	ཨ་	X
།		PUNCT
		
མདུན་	མདུན་	NOUN
མཁའ་	མཁའ་	NOUN
མཆོད་སྤྲིན་	མཆོད་སྤྲིན་	OTHER
རྒྱ་མཚོ་	རྒྱ་མཚོ་	NOUN
འཁྲིགས་པ་	འཁྲིགས་པ་	VERB
འི་	གི་	PART
དབུ་	དབུ་	NOUN
།		PUNCT
		
།		PUNCT
རིན་ཆེན་	རིན་ཆེན་	OTHER
ཁྲི་	ཁྲི་	NUM
རྐང་	རྐང་	NOUN
སེང་གེ་	སེང་གེ་	NOUN
གླང་ཆེན་	གླང་ཆེན་	NOUN
དང་	དང་	NO_POS
།		PUNCT
		
།		PUNCT
རྟ་མཆོག་	རྟ་མཆོག་	NOUN
རྨ་བྱ་	རྨ་བྱ་	NOUN
ས་	གིས་	PART
བཏེགས་པ་	བཏེགས་པ་	NON_WORD
འི་	གི་	PART
ཁྲི་	ཁྲི་	NUM
ཡི་	ཡི་	ADP
ཁ་	ཁ་	PRON
ར་	ལ་	PART
།		PUNCT
		
།		PUNCT
སྣ་ཚོགས་	སྣ་ཚོགས་	DET
པདྨ་	པདྨ་	NOUN
འདབ་སྟོང་	འདབ་སྟོང་	ADJ
བརྡལ་བ་	བརྡལ་བ་	NO_POS
ལ་	ལ་	ADP
།		PUNCT
		
།		PUNCT
ཉི་མ་	ཉི་མ་	NOUN
ཟླ་བ་	ཟླ་བ་	NOUN
རྒྱས་པ་	རྒྱས་པ་	VERB
འི་	གི་	PART
གདན་	གདན་	NOUN
སྟེང་	སྟེང་	NOUN
དུ་	ལ་	PART
།		PUNCT
		
།		PUNCT
རྩ་བ་	རྩ་བ་	NOUN
འི་	གི་	PART
བླ་མ་	བླ་མ་	NOUN
སྤྲུལ་སྐུ་	སྤྲུལ་སྐུ་	NOUN
ཐུབ་པ་	ཐུབ་པ་	VERB
ཆེ་	ཆེ་	VERB
།		PUNCT
		
།		PUNCT
དྲི་མེད་	དྲི་མེད་	ADJ
གསེར་	གསེར་	NOUN
གྱི་	གི་	PART
ལྷུན་པོ་	ལྷུན་པོ་	OTHER
ལྟ་བུ་	ལྟ་བུ་	NOUN
ར་	ལ་	PART
བརྗིད་	བརྗིད་	NO_POS
།		PUNCT
		
།		PUNCT
མཚན་དཔེ་	མཚན་དཔེ་	NOUN
འི་	གི་	PART
དཔལ་འབར་	དཔལ་འབར་	PROPN
ཆོས་གོས་	ཆོས་གོས་	NOUN
རྣམ་	རྣམ་	NOUN
གསུམ་	གསུམ་	NUM
གསོལ་	གསོལ་	VERB
།		PUNCT
		
།		PUNCT
ཕྱག་	ཕྱག་	NOUN
གཡའ་	གཡའ་	NOUN
ས་	ས་	ADP
གནོན་	གནོན་	VERB
གཡོན་པ་	གཡོན་པ་	ADJ
མཉམ་བཞག་	མཉམ་བཞག་	NOUN
དང་	དང་	NO_POS
།		PUNCT
		
།		PUNCT
ཞབས་	ཞབས་	NOUN
ཟུང་	ཟུང་	VERB
རྡོ་རྗེ་	རྡོ་རྗེ་	NOUN
འི་	གི་	PART
སྐྱིལ་ཀྲུང་	སྐྱིལ་ཀྲུང་	NOUN
དྲང་པོ་	དྲང་པོ་	ADJ
ར་	ལ་	PART
བཞུགས་	བཞུགས་	VERB
།		PUNCT
		
།		PUNCT
ཐུགས་ཀ་	ཐུགས་ཀ་	NOUN
ར་	ལ་	PART
ཆུ་སྐྱེས་	ཆུ་སྐྱེས་	OTHER
རབ་ཏུ་	རབ་ཏུ་	NO_POS
རྒྱས་པ་	རྒྱས་པ་	VERB
འི་	གི་	PART
སྟེང་	སྟེང་	NOUN
།		PUNCT
		
།		PUNCT
ལོངས་སྐུ་	ལོངས་སྐུ་	NOUN
སྟོན་པ་	སྟོན་པ་	NOUN
རྡོ་རྗེ་	རྡོ་རྗེ་	NOUN
འཆང་	འཆང་	NO_POS
ཆེན་པོ་	ཆེན་པོ་	ADJ
།		PUNCT
		
།		PUNCT
དབང་སྔོན་	དབང་སྔོན་	NO_POS
བཻཌུའི་		NON_WORD
མདོག་	མདོག་	NOUN
འཆང་	འཆང་	NO_POS
དབུ་	དབུ་	NOUN
བརྒྱན་	བརྒྱན་	VERB
སོགས་	སོགས་	DET
།		PUNCT
		
།		PUNCT
རིན་ཆེན་	རིན་ཆེན་	OTHER
རྒྱན་	རྒྱན་	NOUN
དང་	དང་	NO_POS
ལྷ་རྫས་	ལྷ་རྫས་	NOUN
ད་	ད་	NOUN
གྱིས་	གིས་	PART
བཀླུབས་	བཀླུབས་	NO_POS
།		PUNCT
		
།		PUNCT
ཐབས་ཤེས་	ཐབས་ཤེས་	NOUN
ཟུང་འཇུག་	ཟུང་འཇུག་	NOUN
རྡོར་དྲིལ་	རྡོར་དྲིལ་	NO_POS
ཐུགས་ཀ་	ཐུགས་ཀ་	NOUN
ར་	ལ་	PART
བསྣོལ་	བསྣོལ་	NO_POS
།		PUNCT
		
།		PUNCT
ཟག་མེད་	ཟག་མེད་	ADJ
བདེ་བ་	བདེ་བ་	VERB
ཆེན་པོ་	ཆེན་པོ་	ADJ
ས་	གིས་	PART
ཡོངས་	ཡོངས་	DET
ཁེངས་	ཁེངས་	VERB
ཤིང་	ཅིང་	PART
།		PUNCT
		
།		PUNCT
དེ་	དེ་	DET
ཡི་	ཡི་	ADP
ཐུགས་	ཐུགས་	NOUN
དབུ་	དབུ་	NOUN
འོད་	འོད་	NOUN
ཀྱི་	གི་	PART
གུར་ཁྱིམ་	གུར་ཁྱིམ་	OTHER
ཀློང་	ཀློང་	NOUN
།		PUNCT
		
།		PUNCT
ཆོས་སྐུ་	ཆོས་སྐུ་	NOUN
ཀུན་བཟང་	ཀུན་བཟང་	ADJ
མཐིང་	མཐིང་	NO_POS
གསལ་	གསལ་	VERB
ནམ་མཁ་	ནམ་མཁའ་	NOUN
འི་	གི་	PART
མདངས་	མདངས་	NOUN
།		PUNCT
		
།		PUNCT
གཅེར་བུ་	གཅེར་བུ་	ADJ
རྒྱན་	རྒྱན་	NOUN
མེད་	མེད་	VERB
ཀུན་བཟང་	ཀུན་བཟང་	ADJ
དཀར་མོ་	དཀར་མོ་	ADJ
ར་	ལ་	PART
འཁྲིལ་	འཁྲིལ་	NO_POS
།		PUNCT
		
།		PUNCT
ཐུབ་དབང་	ཐུབ་དབང་	NOUN
སྐུ་	སྐུ་	NOUN
ཡི་	ཡི་	ADP
འོད་ཟེར་	འོད་ཟེར་	NOUN
ཕུང་པོ་	ཕུང་པོ་	NOUN
ལ་	ལ་	ADP
ས་	གིས་	PART
།		PUNCT
		
།		PUNCT
ཕྱོགས་	ཕྱོགས་	NOUN
བཅུ་	བཅུ་	NUM
འི་	གི་	PART
སངས་རྒྱས་	སངས་རྒྱས་	NOUN
བྱང་སེམས་	བྱང་སེམས་	NOUN
ཉི་རྡུལ་	ཉི་རྡུལ་	NO_POS
ལྟ་	ལྟ་	OTHER
།		PUNCT
		
།		PUNCT
འཁྲིགས་པ་	འཁྲིགས་པ་	VERB
ར་	ལ་	PART
གསལ་བ་	གསལ་བ་	VERB
འི་	གི་	PART
གནས་	གནས་	NOUN
གསུམ་	གསུམ་	NUM
འབྲུ་	འབྲུ་	NOUN
གསུམ་	གསུམ་	NUM
གསལ་	གསལ་	VERB
།		PUNCT
		
།		PUNCT
འོད་འཕྲོ་	འོད་འཕྲོ་	NO_POS
ས་	གིས་	PART
ཡེ་ཤེས་	ཡེ་ཤེས་	NOUN
སེམས་དཔའ་	སེམས་དཔའ་	NOUN
སྤྱན་	སྤྱན་	NOUN
དྲངས་	དྲངས་	NO_POS
གྱུར་	གྱུར་	VERB
།		PUNCT
		
།		PUNCT
མ་	མ་	PART
ལུས་སེམས་	ལུས་སེམས་	NOUN
ཅན་	ཅན་	PART
ཀུན་	ཀུན་	DET
གྱི་	གི་	PART
མགོན་	མགོན་	NOUN
གྱུར་	གྱུར་	VERB
ཅིང་	ཅིང་	PART
།		PUNCT
		
།		PUNCT
བདུད་	བདུད་	NOUN
སྡེ་	སྡེ་	NOUN
དཔུང་	དཔུང་	NOUN
བཅའ་	བཅའ་	VERB
མི་	མི་	PART
བཟད་	བཟད་	NOUN
འཇོམས་	འཇོམས་	NO_POS
མཛད་	མཛད་	VERB
ལྷ་	ལྷ་	NOUN
།		PUNCT
		
།		PUNCT
དངོ་	དངོ་	NOUN
རྣམས་	རྣམས་	DET
མ་	མ་	PART
ལུས་	ལུས་	NOUN
ཇི་བཞིན་	ཇི་བཞིན་	OTHER
མཁྱེན་	མཁྱེན་	VERB
གྱུར་པ་	གྱུར་པ་	VERB
འི་	གི་	PART
།		PUNCT
		
།		PUNCT
བཅོམ་ལྡན་	བཅོམ་ལྡན་	NOUN
འཁོར་བཅས་	འཁོར་བཅས་	ADJ
གནས་	གནས་	NOUN
འདི་	འདི་	DET
ར་	ལ་	PART
གཤེགས་	གཤེགས་	VERB
སུ་	སུ་	ADP
གསོལ་	གསོལ་	VERB
།		PUNCT
		
།		PUNCT
བཛྲ་	བཛྲ་	NO_POS
ས་	ས་	ADP
མ་	མ་	PART
ཡ་	ཡ་	NOUN
ཛཿ་		NON_WORD
		
ཛཿ་		NON_WORD
ཧཱུྃ་		NON_WORD
བཾ་		NON_WORD
ཧོཿ་		NON_WORD
དབྱེ་	དབྱེ་	VERB
ར་	ལ་	PART
མེད་	མེད་	VERB
དུ་	ལ་	PART
བསྟིམ་	བསྟིམ་	NO_POS
།		PUNCT
བཟང་སྤྱོད་	བཟང་སྤྱོད་	OTHER
ན་	ནས་	PART
འབྱུང་བ་	འབྱུང་བ་	VERB
འི་	གི་	PART
ཡན་ལག་	ཡན་ལག་	NOUN
བདུན་པ་	བདུན་པ་	NUM
དང་	དང་	NO_POS
།		PUNCT
		
གུ་	གུ་	NOUN
ན་	ནས་	PART
འབྱུང་བ་	འབྱུང་བ་	VERB
འི་	གི་	PART
རྒྱུན་	རྒྱུན་	NOUN
བཤགས་	བཤགས་	NO_POS
ལན་	ལན་	NOUN
གསུམ་	གསུམ་	NUM
བྱ་	བྱ་	VERB
།		PUNCT
		
མཎྜལ་		NON_WORD
རྒྱ་	རྒྱ་	VERB
བསྡུ་	བསྡུ་	VERB
གྲངས་	གྲངས་	NOUN
མང་	མང་	VERB
འབུལ་	འབུལ་	NO_POS
།		PUNCT
སྔ་	སྔ་	ADV
འགྱུར་	འགྱུར་	VERB
གྱི་	གི་	PART
རྒྱུད་	རྒྱུད་	NOUN
ན་	ནས་	PART
འབྱུང་བ་	འབྱུང་བ་	VERB
འི་	གི་	PART
དམ་བཅའ་	དམ་བཅའ་	NOUN
ཉེ་	ཉེ་	NUM
བརྒྱད་པ་	བརྒྱད་པ་	NUM
འམ་	གམ་	PART
།		PUNCT
		
ཨོཾ་	ཨོཾ་	X
།		PUNCT
		
བདེ་བ་	བདེ་བ་	VERB
ར་	ལ་	PART
གཤེགས་པ་	གཤེགས་པ་	VERB
ཁྱེད་	ཁྱེད་	PRON
ཅི་འདྲ་	ཅི་འདྲ་	NO_POS
།		PUNCT
སོགས་	སོགས་	DET
བརྗོད་	བརྗོད་	VERB
ལ་	ལ་	ADP
།		PUNCT
བླ་མ་	བླ་མ་	NOUN
སྟོན་པ་	སྟོན་པ་	NOUN
བཅོམ་ལྡན་འདས་	བཅོམ་ལྡན་འདས་	NOUN
དེ་བཞིན་	དེ་བཞིན་	OTHER
གཤེགས་པ་	གཤེགས་པ་	VERB
དགྲ་བཅོམ་པ་	དགྲ་བཅོམ་པ་	NOUN
ཡང་དག་པ་	ཡང་དག་པ་	ADJ
ར་	ལ་	PART
རྫོགས་པ་	རྫོགས་པ་	VERB
འི་	གི་	PART
སངས་རྒྱས་	སངས་རྒྱས་	NOUN
དཔལ་	དཔལ་	OTHER
རྒྱལ་བ་	རྒྱལ་བ་	NOUN
ཤཱཀྱ་	ཤཱཀྱ་	PROPN
ཐུབ་པ་	ཐུབ་པ་	VERB
ལ་	ལ་	ADP
ཕྱག་	ཕྱག་	NOUN
འཚལ་	འཚལ་	VERB
།		PUNCT
མཆོད་	མཆོད་	VERB
དོ་	གོ་	PART
སྐྱབས་	སྐྱབས་	NOUN
སུ་	སུ་	ADP
མཆིའོ་		NON_WORD
།		PUNCT
		
།		PUNCT
བྱིན་	བྱིན་	VERB
གྱིས་	གིས་	PART
བརླབ་	བརླབ་	NO_POS
ཏུ་	ལ་	PART
གསོལ་	གསོལ་	VERB
།		PUNCT
ཞེ་	ཅེས་	PART
དད་མོས་	དད་མོས་	OTHER
རྩེ་གཅིག་པ་	རྩེ་གཅིག་པ་	ADJ
ས་	གིས་	PART
གྲངས་	གྲངས་	NOUN
ཅི་	ཅི་	NO_POS
ནུས་	ནུས་	VERB
བསགས་	བསགས་	VERB
།		PUNCT
སྟོན་པ་	སྟོན་པ་	NOUN
མཉམ་མེད་	མཉམ་མེད་	ADJ
འདྲེན་	འདྲེན་	NO_POS
མཆོག་	མཆོག་	ADJ
ཤཱཀྱའི་		NON_WORD
ཏོག་	ཏོག་	NOUN
		
།		PUNCT
ངེས་པ་	ངེས་པ་	VERB
ལྔ་ལྡན་	ལྔ་ལྡན་	OTHER
ཁྱབ་བདག་	ཁྱབ་བདག་	OTHER
རྡོ་རྗེ་	རྡོ་རྗེ་	NOUN
འཆང་	འཆང་	NO_POS
།		PUNCT
		
།		PUNCT
ནམ་མཁའ་	ནམ་མཁའ་	NOUN
དང་	དང་	NO_POS
མཉམ་	མཉམ་	VERB
ཆོས་སྐུ་	ཆོས་སྐུ་	NOUN
ཀུན་	ཀུན་	DET
ཏུ་	ལ་	PART
བཟང་	བཟང་	VERB
།		PUNCT
		
།		PUNCT
སྐུ་གསུམ་	སྐུ་གསུམ་	OTHER
དབྱེ་	དབྱེ་	VERB
ར་	ལ་	PART
མེད་	མེད་	VERB
ཐུབ་	ཐུབ་	VERB
མཆོག་	མཆོག་	ADJ
དོན་	དོན་	NOUN
ཀུན་གྲུབ་	ཀུན་གྲུབ་	OTHER
།		PUNCT
		
།		PUNCT
སྙིང་	སྙིང་	NOUN
ན་	ནས་	PART
རྩེ་གཅིག་	རྩེ་གཅིག་	ADJ
གུས་པ་	གུས་པ་	VERB
ས་	གིས་	PART
གསོལ་འདེབས་	གསོལ་འདེབས་	NOUN
ན་	ན་	ADP
།		PUNCT
		
།		PUNCT
བྱིན་རླབས་	བྱིན་རླབས་	NOUN
དངོས་གྲུབ་	དངོས་གྲུབ་	NOUN
སྩོལ་	སྩོལ་	VERB
ཅིག་	ཅིག་	PART
ཤཱཀྱའི་		NON_WORD
ཏོག་	ཏོག་	NOUN
		
།		PUNCT
བདེ་སྟོང་	བདེ་སྟོང་	NOUN
ཡེ་ཤེས་	ཡེ་ཤེས་	NOUN
སྐྱེད་	སྐྱེད་	VERB
ཅིག་	ཅིག་	PART
རྡོ་རྗེ་	རྡོ་རྗེ་	NOUN
འཆང་	འཆང་	NO_POS
།		PUNCT
		
།		PUNCT
ཡེ་གྲོལ་	ཡེ་གྲོལ་	NO_POS
གཞི་	གཞི་	NOUN
ར་	ལ་	PART
གནས་	གནས་	NOUN
ཁྱབ་བདག་	ཁྱབ་བདག་	OTHER
ཀུན་	ཀུན་	DET
ཏུ་	ལ་	PART
བཟང་	བཟང་	VERB
།		PUNCT
		
།		PUNCT
ཟག་མེད་	ཟག་མེད་	ADJ
ཚུལ་ཁྲིམས་	ཚུལ་ཁྲིམས་	NOUN
ཕུང་པོ་	ཕུང་པོ་	NOUN
ཡོངས་སུ་	ཡོངས་སུ་	NO_POS
རྫོགས་	རྫོགས་	VERB
།		PUNCT
		
།		PUNCT
ས་ལམ་	ས་ལམ་	OTHER
ཡོན་ཏན་	ཡོན་ཏན་	NOUN
མ་	མ་	PART
ལུས་	ལུས་	NOUN
མཐ་	མཐའ་	NOUN
ར་	ལ་	PART
ཕྱིན་	ཕྱིན་	VERB
ཏེ་	སྟེ་	PART
།		PUNCT
		
།		PUNCT
སྲིད་ཞི་	སྲིད་ཞི་	NOUN
ར་	ལ་	PART
མི་	མི་	PART
གནས་	གནས་	NOUN
བྱང་ཆུབ་	བྱང་ཆུབ་	NOUN
དམ་པ་	དམ་པ་	VERB
བརྙེས་	བརྙེས་	NO_POS
།		PUNCT
		
།		PUNCT
ཁམས་	ཁམས་	NOUN
གསུམ་	གསུམ་	NUM
འཁོར་བ་	འཁོར་བ་	NOUN
དོང་	དོང་	VERB
ན་	ནས་	PART
སྤྲུགས་	སྤྲུགས་	VERB
ནུས་	ནུས་	VERB
ཤོག་	ཤོག་	VERB
		
།		PUNCT
ཅེས་པ་	ཅེས་པ་	PART
ས་	གིས་	PART
ཀྱང་	ཀྱང་	PART
གསོལ་བ་	གསོལ་བ་	VERB
བཏབ་	བཏབ་	VERB
།		PUNCT
		
ཐུབ་པ་	ཐུབ་པ་	VERB
འི་	གི་	PART
མཚན་	མཚན་	NOUN
སྔགས་	སྔགས་	NOUN
རིང་ཐུང་	རིང་ཐུང་	NOUN
དང་	དང་	NO_POS
།		PUNCT
		
སངས་རྒྱས་	སངས་རྒྱས་	NOUN
སྤྱི་	སྤྱི་	DET
སྔགས་	སྔགས་	NOUN
།		PUNCT
		
མཛོད་སྤུ་	མཛོད་སྤུ་	NO_POS
ནོར་བུ་	ནོར་བུ་	NOUN
འི་	གི་	PART
གཟུངས་	གཟུངས་	NOUN
།		PUNCT
ཡེ་	ཡེ་	ADV
དྷརྨ་		NON_WORD
བཅའ་	བཅའ་	VERB
བཟླ་	བཟླ་	NO_POS
ཞིང་	ཞིང་	SCONJ
།		PUNCT
		
གཞན་	གཞན་	DET
ཡང་	ཀྱང་	PART
།		PUNCT
ཨོཾ་	ཨོཾ་	X
ཨཱཿ་		NON_WORD
གུ་རུ་	གུ་རུ་	PROPN
བཛྲ་	བཛྲ་	NO_POS
དྷ་		NON_WORD
ར་	ར་	ADP
ཧཱུྃ་		NON_WORD
།		PUNCT
ཞེ་	ཅེས་	PART
དང་	དང་	NO_POS
།		PUNCT
ཨོཾ་	ཨོཾ་	X
ཨཱཿ་		NON_WORD
ཧཱུཾ་		NON_WORD
།		PUNCT
གྲངས་	གྲངས་	NOUN
གང་	གང་	NO_POS
མང་	མང་	VERB
བཟླ་	བཟླ་	NO_POS
།		PUNCT
ཀུན་བཟང་	ཀུན་བཟང་	ADJ
ཐུགས་ཀ་	ཐུགས་ཀ་	NOUN
ར་	ལ་	PART
ཐིག་ལེ་	ཐིག་ལེ་	NOUN
སེ་	སེ་	NO_POS
ར་	ལ་	PART
།		PUNCT
		
།		PUNCT
ཞིང་ཁམས་	ཞིང་ཁམས་	NOUN
སྣ་ཚོགས་	སྣ་ཚོགས་	DET
གསལ་བ་	གསལ་བ་	VERB
དང་	དང་	NO_POS
།		PUNCT
		
།		PUNCT
འོད་འཕྲོ་	འོད་འཕྲོ་	NO_POS
ས་	གིས་	PART
འགྲོ་བ་	འགྲོ་བ་	VERB
འི་	གི་	PART
དོན་	དོན་	NOUN
གཉིས་	གཉིས་	NUM
བྱ་	བྱ་	VERB
།		PUNCT
		
།		PUNCT
ཚུ་		
འདུ་	འདུ་	VERB
ཐིག་ལེ་	ཐིག་ལེ་	NOUN
ལ་	ལ་	ADP
བསྟིམ་	བསྟིམ་	NO_POS
ཞིང་	ཞིང་	SCONJ
།		PUNCT
		
།		PUNCT
ཕྲ་	ཕྲ་	NOUN
ཞིང་	ཞིང་	ADP
བརྟག་པ་	བརྟག་པ་	VERB
ར་	ལ་	PART
དཀའ་བ་	དཀའ་བ་	VERB
ཡི་	ཡི་	ADP
།		PUNCT
		
།		PUNCT
ཐིག་ལེ་	ཐིག་ལེ་	NOUN
སྟོང་པ་	སྟོང་པ་	VERB
ཆེན་པོ་	ཆེན་པོ་	ADJ
ལ་	ལ་	ADP
ས་	གིས་	PART
།		PUNCT
		
།		PUNCT
ཐིག་ལེ་	ཐིག་ལེ་	NOUN
ལྔ་	ལྔ་	NUM
དང་	དང་	NO_POS
བརྒྱ་	བརྒྱ་	NUM
ཕྲག་	ཕྲག་	NUM
སོགས་	སོགས་	DET
།		PUNCT
		
།		PUNCT
སྔགས་	སྔགས་	NOUN
ཀྱིས་	གིས་	PART
མཚན་པ་	མཚན་པ་	VERB
ས་	གིས་	PART
ནམ་མཁའ་	ནམ་མཁའ་	NOUN
གང་	གང་	NO_POS
།		PUNCT
		
།		PUNCT
ཆོས་ཉིད་	ཆོས་ཉིད་	NOUN
རང་	རང་	PRON
སྒྲ་	སྒྲ་	NOUN
ལྡིར་བ་	ལྡིར་བ་	VERB
དང་	དང་	NO_POS
།		PUNCT
		
།		PUNCT
གྲག་	གྲག་	VERB
སྟོང་	སྟོང་	NUM
རྡོ་རྗེ་	རྡོ་རྗེ་	NOUN
འི་	གི་	PART
སྔགས་	སྔགས་	NOUN
སུ་	སུ་	ADP
རྫོགས་	རྫོགས་	VERB
།		PUNCT
		
།		PUNCT
སླ་	སླ་	ADV
འདུ་	འདུ་	VERB
རྩ་བ་	རྩ་བ་	NOUN
འི་	གི་	PART
ཐིག་ལེ་	ཐིག་ལེ་	NOUN
ར་	ལ་	PART
བསྟིམ་	བསྟིམ་	NO_POS
།		PUNCT
		
།		PUNCT
དེ་ཡང་	དེ་ཡང་	ADV
ཆོ་	ཆོ་	NOUN
ཀྱི་	གི་	PART
དབྱིངས་	དབྱིངས་	NOUN
སུ་	སུ་	ADP
ཡལ་	ཡལ་	NO_POS
།		PUNCT
		
།		PUNCT
བླ་མ་	བླ་མ་	NOUN
སྐུ་གསུམ་	སྐུ་གསུམ་	OTHER
དགོངས་པ་	དགོངས་པ་	VERB
འི་	གི་	PART
ངང་	ངང་	NOUN
།		PUNCT
		
།		PUNCT
བསྐྱངས་	བསྐྱངས་	NO_POS
ལ་དུ་	ལ་དུ་	NOUN
ས་	གིས་	PART
གསུམ་	གསུམ་	NUM
རྟོག་བྲལ་	རྟོག་བྲལ་	NO_POS
བཞག་	བཞག་	VERB
		
།		PUNCT
སླར་ཡང་	སླར་ཡང་	OTHER
སྐུ་གསུམ་	སྐུ་གསུམ་	OTHER
ལྷ་ཚོགས་	ལྷ་ཚོགས་	NOUN
ལ་	ལ་	ADP
ས་	གིས་	PART
།		PUNCT
		
།		PUNCT
སྐུ་	སྐུ་	NOUN
འོད་	འོད་	NOUN
སྔགས་	སྔགས་	NOUN
ཕྲེང་	ཕྲེང་	OTHER
ཕྱག་མཚན་	ཕྱག་མཚན་	NOUN
དང་	དང་	NO_POS
།		PUNCT
		
།		PUNCT
བདུད་རྩི་	བདུད་རྩི་	NOUN
འི་	གི་	PART
རྒྱུན་	རྒྱུན་	NOUN
བཅའ་	བཅའ་	VERB
བྱུང་བ་	བྱུང་བ་	VERB
དང་	དང་	NO_POS
།		PUNCT
		
།		PUNCT
རང་	རང་	PRON
གི་	གི་	PART
གནས་	གནས་	NOUN
བཞི་	བཞི་	NUM
ར་	ལ་	PART
ཐིམ་པ་	ཐིམ་པ་	VERB
ལ་	ལ་	ADP
ས་	གིས་	PART
།		PUNCT
		
།		PUNCT
སྒྲིབ་	སྒྲིབ་	NOUN
དག་	དག་	DET
དབང་	དབང་	NOUN
དང་	དང་	NO_POS
དངོས་གྲུབ་	དངོས་གྲུབ་	NOUN
ཐོབ་	ཐོབ་	VERB
།		PUNCT
		
།		PUNCT
བླ་མ་	བླ་མ་	NOUN
འི་	གི་	PART
སྐུ་གསུམ་	སྐུ་གསུམ་	OTHER
བྱིན་རླབས་	བྱིན་རླབས་	NOUN
ཞུགས་	ཞུགས་	VERB
།		PUNCT
		
།		PUNCT
མཐ་	མཐའ་	NOUN
ར་	ལ་	PART
ནི་	ནི་	NO_POS
འོད་ཞུ་	འོད་ཞུ་	NO_POS
རང་	རང་	PRON
ལ་	ལ་	ADP
ཐིམ་	ཐིམ་	NO_POS
།		PUNCT
		
།		PUNCT
རང་	རང་	PRON
ལུས་	ལུས་	NOUN
བླ་མ་	བླ་མ་	NOUN
འི་	གི་	PART
སྐུ་	སྐུ་	NOUN
རུ་	ལ་	PART
གསལ་	གསལ་	VERB
།		PUNCT
རྗེས་	རྗེས་	NOUN
ལ་	ལ་	ADP
བཟང་པོ་	བཟང་པོ་	ADJ
སྤྱོད་པ་	སྤྱོད་པ་	VERB
དང་	དང་	NO_POS
།		PUNCT
		
།		PUNCT
ཐུབ་པ་	ཐུབ་པ་	VERB
ས་	གིས་	PART
རྗེས་འཛིན་	རྗེས་འཛིན་	NOUN
སྨོན་ལམ་	སྨོན་ལམ་	NOUN
ནི་	ནི་	NO_POS
།		PUNCT
བདག་	བདག་	PRON
ནི་	ནི་	NO_POS
སྐྱེ་	སྐྱེ་	NOUN
ཞིང་	ཞིང་	ADP
སྐྱེ་བ་	སྐྱེ་བ་	VERB
ཐམས་ཅད་	ཐམས་ཅད་	DET
དུ་	ལ་	PART
།		PUNCT
		
།		PUNCT
དལ་འབྱོར་	དལ་འབྱོར་	NOUN
རྟེན་	རྟེན་	NOUN
ཐོབ་	ཐོབ་	VERB
ཡང་དག་	ཡང་དག་	ADJ
བཤེས་	བཤེས་	VERB
དང་	དང་	NO_POS
མཇལ་	མཇལ་	NO_POS
།		PUNCT
		
།		PUNCT
ཐེག་ཆེན་	ཐེག་ཆེན་	NOUN
ཟབ་	ཟབ་	VERB
དང་	དང་	NO_POS
རྒྱ་	རྒྱ་	NOUN
ཆེ་	ཆེ་	VERB
འི་	གི་	PART
ཆོ་	ཆོ་	NOUN
ལ་	ལ་	ADP
སྤྱོད་	སྤྱོད་	VERB
།		PUNCT
		
།		PUNCT
ཚུལ་བཞིན་	ཚུལ་བཞིན་	NOUN
ཉམས་	ཉམས་	NOUN
བླང་	བླང་	NO_POS
བྱང་ཆུབ་	བྱང་ཆུབ་	NOUN
ཐོབ་པ་	ཐོབ་པ་	VERB
ར་	ལ་	PART
ཤོག་	ཤོག་	VERB
		
།		PUNCT
ཚེ་རབས་	ཚེ་རབས་	NOUN
ཀུན་	ཀུན་	DET
ཏུ་	ལ་	PART
ཐུབ་པ་	ཐུབ་པ་	VERB
འི་	གི་	PART
ཆོ་	ཆོ་	NOUN
མཛོད་འཛིན་	མཛོད་འཛིན་	OTHER
།		PUNCT
		
།		PUNCT
མཁྱེན་བརྩེ་	མཁྱེན་བརྩེ་	PROPN
ནུས་པ་	ནུས་པ་	VERB
འི་	གི་	PART
ཡོན་ཏན་	ཡོན་ཏན་	NOUN
དཔག་མེད་	དཔག་མེད་	ADJ
ལྡན་	ལྡན་	VERB
།		PUNCT
		
།		PUNCT
ཐོས་བསམ་	ཐོས་བསམ་	NOUN
སྒོམ་	སྒོམ་	VERB
ལ་	ལ་	ADP
རྟག་	རྟག་	VERB
ཏུ་	ལ་	PART
བརྩོན་པ་	བརྩོན་པ་	VERB
ཡི་	གིས་	PART
།		PUNCT
		
།		PUNCT
རྒྱལ་བ་	རྒྱལ་བ་	NOUN
འི་	གི་	PART
བསྟན་	བསྟན་	VERB
ལ་	ལ་	ADP
བྱ་བ་	བྱ་བ་	VERB
བྱེད་པ་	བྱེད་པ་	VERB
ར་	ལ་	PART
ཤོག་	ཤོག་	VERB
		
།		PUNCT
བསྟན་	བསྟན་	VERB
ལ་	ལ་	ADP
འཁུ་བ་	འཁུ་བ་	NO_POS
འི་	གི་	PART
མུ་སྟེགས་	མུ་སྟེགས་	NOUN
ཀླ་ཀློ་	ཀླ་ཀློ་	NO_POS
འི་	གི་	PART
ཚོགས་	ཚོགས་	NOUN
།		PUNCT
		
།		PUNCT
བདག་	བདག་	PRON
གི་	གི་	PART
སྟོབས་	སྟོབས་	NOUN
ཀྱིས་	གིས་	PART
རྩད་	རྩད་	NOUN
ན་	ནས་	PART
གཞོམ་པ་	གཞོམ་པ་	VERB
དང་	དང་	NO_POS
།		PUNCT
		
།		PUNCT
བསམ་སྦྱོར་	བསམ་སྦྱོར་	NOUN
ངན་པ་	ངན་པ་	VERB
འི་	གི་	PART
གནོད་པ་	གནོད་པ་	VERB
ས་	གིས་	PART
མི་	མི་	PART
བརྫི་བ་	བརྫི་བ་	VERB
ར་	ལ་	PART
།		PUNCT
		
།		PUNCT
ཕྱོགས་	ཕྱོགས་	NOUN
ལ་	ལ་	ADP
ས་	གིས་	PART
རྣམ་པ་	རྣམ་པ་	NOUN
ར་	ལ་	PART
རྒྱལ་བ་	རྒྱལ་བ་	NOUN
ར་	ལ་	PART
བྱིན་	བྱིན་	VERB
གྱིས་	གིས་	PART
རློབས་	རློབས་	VERB
།		PUNCT
		
།		PUNCT
ཚེ་	ཚེ་	NOUN
མཐ་	མཐའ་	NOUN
ར་	ལ་	PART
ཕྱིན་	ཕྱིན་	VERB
ཅིང་	ཅིང་	PART
བསམ་དོན་	བསམ་དོན་	OTHER
ཡིད་བཞིན་	ཡིད་བཞིན་	OTHER
འགྲུབ་	འགྲུབ་	VERB
།		PUNCT
		
།		PUNCT
རབ་འབྱམས་	རབ་འབྱམས་	ADJ
གསུང་རབ་	གསུང་རབ་	NOUN
ཀུན་	ཀུན་	DET
གྱི་	གི་	PART
དེ་ཉིད་	དེ་ཉིད་	NOUN
ལ་	ལ་	ADP
།		PUNCT
		
།		PUNCT
ཐོགས་མེད་	ཐོགས་མེད་	PROPN
བློ་གྲོས་	བློ་གྲོས་	NOUN
སྤོབས་པ་	སྤོབས་པ་	VERB
འི་	གི་	PART
གཏེར་ཆེན་	གཏེར་ཆེན་	OTHER
འབྱེད་	འབྱེད་	VERB
།		PUNCT
		
།		PUNCT
རྩོད་	རྩོད་	VERB
འཆད་	འཆད་	VERB
རྩོམ་	རྩོམ་	VERB
ལ་	ལ་	ADP
ཆགས་ཐོགས་	ཆགས་ཐོགས་	NO_POS
མེད་པ་	མེད་པ་	VERB
ར་	ལ་	PART
ཤོག་	ཤོག་	VERB
		
།		PUNCT
བདག་	བདག་	PRON
ལ་	ལ་	ADP
འབྲེལ་བ་	འབྲེལ་བ་	VERB
འི་	གི་	PART
སེམས་ཅན་	སེམས་ཅན་	NOUN
ཇི་སྙེད་	ཇི་སྙེད་	OTHER
དང་	དང་	NO_POS
།		PUNCT
		
།		PUNCT
ནམ་མཁ་	ནམ་མཁའ་	NOUN
ས་	གིས་	PART
ཁྱབ་པ་	ཁྱབ་པ་	VERB
འི་	གི་	PART
འགྲོ་བ་	འགྲོ་བ་	VERB
མཐའ་དག་	མཐའ་དག་	DET
གི་	གི་	PART
		
།		PUNCT
སྡུག་བསྔལ་	སྡུག་བསྔལ་	NOUN
ཀུན་	ཀུན་	DET
བསལ་	བསལ་	VERB
བདེ་ལྡན་	བདེ་ལྡན་	NO_POS
ཞིང་	ཞིང་	SCONJ
དུ་	ལ་	PART
དྲོངས་	དྲོངས་	VERB
།		PUNCT
		
།		PUNCT
ཕྱིན་ཆད་	ཕྱིན་ཆད་	ADV
ལས་ངན་	ལས་ངན་	NOUN
སྐྱེ་སྒོ་	སྐྱེ་སྒོ་	OTHER
ཆོད་པ་	ཆོད་པ་	VERB
ར་	ལ་	PART
ཤོག་	ཤོག་	VERB
		
།		PUNCT
མགོན་པོ་	མགོན་པོ་	NOUN
འཇམ་པ་	འཇམ་པ་	VERB
འི་	གི་	PART
དབྱངས་	དབྱངས་	NOUN
ཀྱི་	གི་	PART
ཐུགས་བསྐྱེད་	ཐུགས་བསྐྱེད་	OTHER
ལྟ་	ལྟ་	OTHER
།		PUNCT
		
།		PUNCT
སེམས་ཅན་	སེམས་ཅན་	NOUN
དོན་	དོན་	NOUN
དུ་	ལ་	PART
འཁོར་བ་	འཁོར་བ་	NOUN
ར་	ལ་	PART
གནས་པ་	གནས་པ་	VERB
དང་	དང་	NO_POS
།		PUNCT
		
།		PUNCT
བྱང་ཆུབ་	བྱང་ཆུབ་	NOUN
སེམས་	སེམས་	NOUN
ཀྱི་	གི་	PART
ཕྲིན་ལས་	ཕྲིན་ལས་	NOUN
ཆེན་པོ་	ཆེན་པོ་	ADJ
ཡི་	གིས་	PART
།		PUNCT
		
།		PUNCT
ཕྱོགས་	ཕྱོགས་	NOUN
དུས་	དུས་	NOUN
མུ་མཐའ་	མུ་མཐའ་	NOUN
མེད་པ་	མེད་པ་	VERB
ར་	ལ་	PART
ཁྱབ་པ་	ཁྱབ་པ་	VERB
ར་	ལ་	PART
ཤོག་	ཤོག་	VERB
		
།		PUNCT
ཅེས་	ཅེས་	PART
སོགས་	སོགས་	DET
ཀྱི་	གི་	PART
སྨོན་ལམ་	སྨོན་ལམ་	NOUN
གདབ་བོ་	གདབ་བོ་	NO_POS
།		PUNCT
		
།		PUNCT
ཅེས་པ་	ཅེས་པ་	PART
འང་	ཀྱང་	PART
མེ་	མེ་	NOUN
བྱ་ཟླ་	བྱ་ཟླ་	NO_POS
བཅུ་གཉིས་	བཅུ་གཉིས་	NO_POS
ཚེ་	ཚེ་	NOUN
ལྔ་	ལྔ་	NUM
ལ་	ལ་	ADP
བྷོ་		NON_WORD
དྷི་		NON_WORD
གྷ་		NON_WORD
ཡ་	ཡ་	NOUN
འི་	གི་	PART
བྱང་ཆུབ་	བྱང་ཆུབ་	NOUN
ཆེན་པོ་	ཆེན་པོ་	ADJ
ར་	ལ་	PART
མཆོད་འབུལ་	མཆོད་འབུལ་	NOUN
གསོལ་	གསོལ་	VERB
སྨོན་	སྨོན་	VERB
སྐབས་	སྐབས་	NOUN
སྔ་ཕྱི་	སྔ་ཕྱི་	ADJ
ར་	ལ་	PART
ཉམས་	ཉམས་	NOUN
ཀྱི་	གི་	PART
བརྫུན་	བརྫུན་	NOUN
རི་	རི་	NOUN
ལ་	ལ་	ADP
གསལ་བ་	གསལ་བ་	VERB
ལྟ་	ལྟ་	OTHER
།		PUNCT
ཟླ་བ་	ཟླ་བ་	NOUN
དེ་	དེ་	DET
འི་	གི་	PART
ཚེ་	ཚེ་	NOUN
བདུན་	བདུན་	NUM
ལ་	ལ་	ADP
བྱ་རྒོད་	བྱ་རྒོད་	NOUN
སྤུངས་	སྤུངས་	VERB
རི་	རི་	NOUN
འི་	གི་	PART
ཉེ་	ཉེ་	VERB
འདབ་	འདབ་	OTHER
རྒྱལ་པོ་	རྒྱལ་པོ་	NOUN
འི་	གི་	PART
ཁབ་	ཁབ་	NOUN
ཏུ་	ལ་	PART
གྲགས་པ་	གྲགས་པ་	VERB
འི་	གི་	PART
གནས་ཆེན་	གནས་ཆེན་	NOUN
ན་	ནས་	PART
ཆོ་	ཆོ་	NOUN
ཀྱི་	གི་	PART
བློ་གྲོས་པ་	བློ་གྲོས་པ་	NOUN
ས་	གིས་	PART
སྤེལ་བ་	སྤེལ་བ་	VERB
སིདྡྷི་		NON_WORD
རསྟུ་		NON_WORD
"།།
།།"		PUNCT
